{"val_loss": [4.034322653243791, 3.8461379079676385, 3.7648619692123946, 3.728353666428903, 3.6640534816096673, 3.576051251805244, 3.51636740580127, 3.432042877472455, 3.3702269798487574, 3.3152585776884163, 3.20009576977782, 3.09365731803932, 3.0513081123579795, 2.9787995779692236, 2.9369439319591617, 2.87721703420231, 2.7838386220125417, 2.7690757471530594, 2.7496527296986746, 2.686134489021491, 2.6533628387830746, 2.643612987366482, 2.6536074574313946, 2.62850739113727, 2.5816021807751253, 2.5889241707265676, 2.5576221456575157, 2.5598480547245464, 2.5488131603791344, 2.578079370716911, 2.5494133916067248, 2.525376220247639, 2.5342300922716436, 2.5336209790623605, 2.5201421566863558, 2.5386530783639025, 2.5109901878964247, 2.5039843516563303, 2.4921951910749596, 2.512804477369014, 2.540133892600216, 2.49507536342488, 2.486543242611102, 2.5048886780715107, 2.5041147369650467, 2.501822338768499, 2.4719222410401303, 2.469758182022702, 2.4861040245834274, 2.4945820267520733, 2.4916900105737336, 2.4752991057153957, 2.494525225008305, 2.471622960484443, 2.4965806185309565, 2.474078714551024, 2.4553420069205822, 2.4779973492693546, 2.4785478364175826, 2.4730534850068353, 2.49723560062807, 2.4902375017232563, 2.4933329233482704, 2.4790498961263627, 2.5025106176215024, 2.485892013530826, 2.474226572027254, 2.4842297532665194, 2.4818809886476885, 2.4772498702528463, 2.463489629735994, 2.4746315775819085, 2.4898396938001337, 2.503334938590206, 2.503657593655942, 2.496776260546784, 2.5106013995497976, 2.502791407096445, 2.5029583439898135, 2.528728222965601, 2.512403768093432, 2.5132956635299606, 2.501849427152036, 2.5088869113827226, 2.5085762033415078, 2.509311558595344, 2.5142912829100195, 2.5336180931300074, 2.519078994864848, 2.5118240254435373, 2.520972771431083, 2.5110942807363634, 2.519826153617593, 2.525890516404489, 2.53924128190795, 2.5231640172835013, 2.5118972602768324, 2.538104745286021, 2.557563347602958, 2.5244711453641826], "loss": [4.362708514535412, 3.8074775371575265, 3.6854555618718434, 3.6526201837238013, 3.6114759103744145, 3.560515921261361, 3.509789698150654, 3.4404150626133863, 3.3582548026278487, 3.2822389706579567, 3.191981813233638, 3.080265175212513, 2.979344889057677, 2.9020523463803833, 2.813761032087865, 2.7407628429930653, 2.6589957928449697, 2.5989794974606184, 2.555973657486893, 2.520121808960607, 2.4686668818795665, 2.432962929475055, 2.4054762871743436, 2.392765957569868, 2.359161403675008, 2.346796551795855, 2.3206686899344326, 2.308237132218528, 2.291059182560162, 2.267970002603115, 2.2523900960777348, 2.247920707629003, 2.2308547565084913, 2.208878319112034, 2.206126740088647, 2.2000183486107128, 2.19114316534135, 2.179895062820701, 2.156499984997741, 2.145892979050633, 2.1396006465997375, 2.1339308960203214, 2.1237658533925288, 2.1165464752786334, 2.1071741094031045, 2.0971928183198125, 2.096528341731574, 2.0807763909640378, 2.082012582389385, 2.0734042990697574, 2.0707630944875524, 2.0635565173432955, 2.0559465151795115, 2.052600211253944, 2.051938012557784, 2.041932677272545, 2.0386610420079783, 2.030157626937068, 2.026757599259373, 2.0186175489485043, 2.0217174708769003, 2.027909239232169, 2.0312416408011504, 2.0417925328721442, 2.0534182245081123, 2.0323499368403946, 2.0217842945868467, 2.00724115823007, 1.9969399459335309, 1.991617621253169, 1.9950104695031534, 1.9851763258835446, 1.9866851948266606, 1.9820542663595597, 1.9702966581394485, 1.970926392568301, 1.9719384500425157, 1.9630514806412522, 1.960002549707073, 1.9610721671566422, 1.9673526245511483, 1.9711631864569108, 1.9666270924683378, 1.9562245754346455, 1.9526571505987185, 1.9486360162459453, 1.9429354186669678, 1.9458847048867536, 1.9417945810154098, 1.9374715613843791, 1.935555713559741, 1.9368240132575314, 1.939012823484903, 1.9405107922749976, 1.9514709500268863, 1.9431462911413437, 1.9363505826940572, 1.9356854114853133, 1.939455875572499, 1.9307196264991429]}