{"loss": [4.391016973208075, 3.860497665880329, 3.6756515998769075, 3.6216867557943684, 3.581667979657279, 3.5299132089983036, 3.487233842146649, 3.4308535580617256, 3.3611662114690875, 3.2778726921580352, 3.1805179220059445, 3.084877401330551, 2.9970198630692804, 2.915303055405765, 2.810293063725511, 2.733473779255545, 2.6823524650868267, 2.6261640120562104, 2.576326055217947, 2.5345699858398247, 2.50311919196902, 2.4529639991698495, 2.441432757217293, 2.416156974260418, 2.3735525973261815, 2.34131633567335, 2.3163249005713173, 2.306496117509911, 2.29061209428058, 2.267447863836514, 2.2445425215278143, 2.232777793855774, 2.2198809775736086, 2.198778681856015, 2.193988833599637, 2.1873161133615344, 2.1838768903226367, 2.162617900154807, 2.157527312840501, 2.147032534348712, 2.1357878483692705, 2.125860709182055, 2.1068076861750886, 2.100820760501277, 2.103695248310474, 2.08894953692093, 2.0799525695601258, 2.058532297982374, 2.0711928877705805, 2.059337258635838, 2.0492345995802066, 2.051458801457178, 2.0443731200502047, 2.041075989733894, 2.0322085430435046, 2.030258284410831, 2.0198541239813284, 2.0229068127545444, 2.0200001077070033, 2.006199941243211, 2.0012133884548695, 1.988691625084408, 1.9931506840407773, 1.9937217208843303, 1.9872155400320126, 1.9758507994607852, 1.9731584913555444, 1.9775260786339177, 1.974207516031277, 1.9644513014393161], "val_loss": [4.16947394461181, 3.8052878071419634, 3.73524856092918, 3.6974927785977796, 3.618905099470224, 3.5674336407315077, 3.527745133015647, 3.451614020475701, 3.371580470260696, 3.2985730882900866, 3.244785742973214, 3.156310380394779, 3.056126117706299, 3.0010479113355797, 2.9024625785315217, 2.9054642174374403, 2.8332590700975104, 2.7800508257168444, 2.75124275862281, 2.7196201305484298, 2.6812312733474655, 2.692971233111709, 2.655993297918519, 2.6598930347025096, 2.6288150661620335, 2.607892187080573, 2.630448858536298, 2.610368336018045, 2.577577981189709, 2.5623634264836856, 2.5566689197103774, 2.5490394516370785, 2.5612713033287084, 2.535836351451589, 2.549590797566656, 2.555187647615499, 2.5578896086014327, 2.5464899611117233, 2.543956885883464, 2.549017963124745, 2.530361042686956, 2.527744155618089, 2.5493267151846815, 2.529665974242177, 2.5500376343134032, 2.516901930766319, 2.5263732582775513, 2.51028886956362, 2.531953783177618, 2.5305653650369218, 2.5458764448687803, 2.53257361929215, 2.5673600974960706, 2.5161776163091707, 2.510224393351161, 2.5179531277708747, 2.5300293704170493, 2.5462223475252217, 2.5261919794984125, 2.528910617923262, 2.519554234262723, 2.5196617634142218, 2.5210272720204063, 2.51893673014285, 2.52009726875457, 2.5130970169655718, 2.5204335279132595, 2.5151816968301044, 2.537751539429622, 2.527279105352525]}