{"loss": [3.901584069278161, 3.5407767305011757, 3.2021605194389045, 2.8561051632705476, 2.6968899948657734, 2.6001919671398563, 2.5375677538124513, 2.477476085361923, 2.428510739403083, 2.3873727296395275, 2.3484448844162875, 2.315098554369003, 2.2758519896066436, 2.251313500704818, 2.230793246057757, 2.213818571440241, 2.1882638659484113, 2.173890102362621, 2.159240305567086, 2.1526217173933695, 2.136976917756756, 2.131490881710227, 2.1320676005419887, 2.127331651707806, 2.1107959575295276, 2.106017883263166, 2.1022714808217717, 2.0979558724288245, 2.0901362150549145, 2.0825882345624356, 2.0803684935998663, 2.072287763524021, 2.0637937694171575, 2.064990177356377, 2.0577921944205837, 2.0522728261034784, 2.0513361158595744, 2.0580881802493303, 2.0465797069498186, 2.041014285085292, 2.041175404094973, 2.037751040302715, 2.031449199353576, 2.0297151879085376, 2.034673310748197, 2.035225848098854, 2.0231496881784987, 2.021271713482984, 2.016299782377301, 2.0136957228212418, 2.0114473703677063, 2.0077672893465452, 2.01867967921418, 2.0090021837095966, 2.0086276689477125, 2.006256320603826, 2.0055471912721647, 2.002256450944362, 1.9986327685892382, 1.9937010560258184, 1.9927583962119848, 1.9930092280389256, 1.987603585269372, 1.9855387328965781, 1.995048141296005, 1.9856564445871754, 1.9864006907736929, 1.983216701647936, 1.9779789178861111, 1.9736199385274655], "val_loss": [3.6621222178370636, 3.4290768831839293, 3.009920152578863, 2.8073560637657087, 2.6927407878473897, 2.618460886176817, 2.565780748364557, 2.505158299491519, 2.4674897941618714, 2.433924969828662, 2.401048346056624, 2.3710498387794074, 2.357634110540195, 2.318574956542543, 2.3019661435489187, 2.274861291144088, 2.2763874117946212, 2.2603816546861686, 2.236239811616084, 2.234871141608946, 2.228366535750073, 2.230765248560573, 2.233677162752523, 2.2104040296562824, 2.2177112466042406, 2.2068273777454848, 2.19825561411281, 2.190395848690288, 2.1949764764784847, 2.1865123887656113, 2.1860230749418323, 2.1715443921008895, 2.163730873460664, 2.176301647058297, 2.1699058683288963, 2.1606333886504805, 2.1909799454245444, 2.1613340541799233, 2.160994275422438, 2.159944287511579, 2.156427461691577, 2.15935298787567, 2.1496673504167476, 2.151945682429763, 2.1773731030771053, 2.156089551693089, 2.14002272949705, 2.140632316606328, 2.141385526196093, 2.1455264510645096, 2.1433695191199416, 2.1398879398572554, 2.1456831642043537, 2.1448711578292077, 2.1543226688741894, 2.133266990490978, 2.1402022935496667, 2.134177913913479, 2.124185944761778, 2.1280268479448607, 2.1286103216256587, 2.129718470653701, 2.1371351889316252, 2.1356777462493692, 2.1347849040492446, 2.1351074013588462, 2.152111984434582, 2.134819345786171, 2.1290637486940853, 2.1346432249840777]}