{"loss": [4.3768547136489655, 3.861204934446779, 3.693199490550743, 3.6557206365269415, 3.6221609121538783, 3.574741991786553, 3.5407892487859667, 3.501189090543488, 3.45176174928658, 3.333507047643697, 3.165119955281392, 3.0291174259755858, 2.9362754993985036, 2.833702890246476, 2.7608198635604877, 2.689227879418531, 2.6258746835392706, 2.5734191329808787, 2.528092376024904, 2.4887675458140865, 2.4521117112407946, 2.4230908433051956, 2.3953730825469326, 2.369675495853163, 2.3460032574711818, 2.328174434296072, 2.315769975538717, 2.284641951136987, 2.2701071567582907, 2.252170375394049, 2.2483032011005974, 2.2330978967778266, 2.2231775030846315, 2.2076307456490407, 2.1915199640827487, 2.1879782059124366, 2.170043659091441, 2.152183772321062, 2.1457318241242898, 2.1517269367892595, 2.1438964027841836, 2.178634349020154, 2.1966256261020343, 2.1555116354751114, 2.145532075079114, 2.127339336673171, 2.1220059237474227, 2.1054419820958916, 2.101385662000473, 2.0978404483937685, 2.0976784829036386, 2.081683681138871, 2.0713358409378033, 2.0638726152488927, 2.06541265467481, 2.055462531402132, 2.0483975518833506, 2.050632321522809, 2.050003562442689, 2.0426129436730447, 2.03874414706438, 2.0347968304290864, 2.0315694452668187, 2.0259338431756198, 2.019082447660073, 2.016565679316206, 2.009045870188313, 2.0153412608102723, 2.023915844717774, 2.0173216226834287], "val_loss": [4.070183583159945, 3.798970758618407, 3.772932693139831, 3.7339021720696444, 3.684764667529965, 3.6342748362033523, 3.574897938106784, 3.5320900542226004, 3.4561333940989933, 3.308753711074146, 3.169740290191043, 3.0840767983773456, 2.9813306972162046, 2.9237769373613802, 2.8660635461854698, 2.782952876826424, 2.75436910230722, 2.73096202024773, 2.704547544023884, 2.6693452721211446, 2.6418110090701736, 2.6378000850108134, 2.6264025322833464, 2.588060466804315, 2.5734820081226863, 2.5852037164109265, 2.5684173213901804, 2.5463423669634766, 2.525940640055718, 2.543404498503576, 2.498671159222351, 2.4977774833565327, 2.4964111598569954, 2.5037847288805453, 2.5435796815957596, 2.502674168022118, 2.498470007483639, 2.4823483720940738, 2.4896814384270662, 2.478036304018391, 2.4821101943058754, 2.5431507736889283, 2.5206047610857, 2.506469132295295, 2.495139259604079, 2.4808996767547, 2.50424334540296, 2.4736808508782837, 2.453743983263993, 2.475856381269237, 2.488953315203463, 2.4674883861446855, 2.4680867883103406, 2.4599898181744475, 2.444827498488165, 2.4773302837390805, 2.4713113213059916, 2.459281908338936, 2.458741534408645, 2.458838619402985, 2.4699313118683164, 2.4905384547674836, 2.481346676005653, 2.492804625734168, 2.4909220512826646, 2.4721296521561658, 2.4855788157353946, 2.499001032084375, 2.4769628320760395, 2.490757803418743]}