{"loss": [3.7391586117930227, 3.2240541195743297, 2.8189803350998153, 2.605833181915173, 2.465459627850575, 2.3968306360708054, 2.3541833862425787, 2.313017315105385, 2.2819207041466565, 2.2561080604863317, 2.2363354907464728, 2.2044422551953717, 2.1975917683133948, 2.171968431183786, 2.1563681046970764, 2.1578020679084884, 2.1368627522988293, 2.1304131531268142, 2.122732894245164, 2.1318246611269007, 2.1164918901141645, 2.122583984812617, 2.096408797778322, 2.0883465790301345, 2.083869510800177, 2.0836865859515625, 2.0781570745810343, 2.0712976957984472, 2.080772250876397, 2.101212324460806, 2.074462851748666, 2.061866815070684, 2.0551723109351263, 2.0480256831777846, 2.0556045032682873, 2.048646670800668, 2.0379570196201273, 2.0402387291723403, 2.051437219213327, 2.0476077481953783, 2.0385275412316846, 2.0295838661753485, 2.027908303750255, 2.0273844035214217, 2.020105872778092, 2.0246032341676816, 2.01867194505997, 2.0121284853443036, 2.009763411113194, 2.0092878200619078, 2.0225639418376757, 2.017685642490139, 2.0035492811941538, 2.0058736726605817, 1.9960606739233182, 2.0040639357362706, 1.996206914420997, 1.9959550945159046, 1.9883111746853621, 1.988208018913471, 1.984562677394432, 1.9821391605080865, 1.9834637940646709, 1.9848102769237004, 1.983091557983483, 1.9886626185792866, 1.9805416273004222, 1.9791854528809694, 1.9756272124120282, 1.977410486192873, 1.982829930347683, 1.9784490475005516, 1.9753146177877194, 1.9707098398259077, 1.9698915591659656, 1.9686244762305058, 1.981668765525396, 1.9679968698257548, 1.9679139464907258, 1.9594421519746914, 1.9566089460172007, 1.9582965063211608, 1.961760180681127, 1.9718659836377819, 1.968369320070818, 1.9642033140036623, 1.9665808077326412, 1.9536038880281692, 1.9538183798865667, 1.9532089717919119, 1.9507099135441526, 1.9498011208085155, 1.950151460683363, 1.945254782118896, 1.9530706912522824, 1.9489487053511978, 1.955302784797261, 1.941517429205017, 1.94137917739259, 1.9387917086274191], "val_loss": [3.529496597865271, 3.013341171343548, 2.7491049127775984, 2.5920641421124935, 2.482848863638382, 2.4480318296064603, 2.3949627196232592, 2.375825963495098, 2.3362231384165417, 2.326405923489254, 2.3068280900080884, 2.2777073929205485, 2.2603946443129295, 2.2433207164652478, 2.2393739603069207, 2.25946072089437, 2.2292719066229045, 2.2279264882185412, 2.2277075856737705, 2.2205748004142682, 2.2060461767365465, 2.2114837199463873, 2.193435244000606, 2.190883229018519, 2.1945251841680427, 2.180088548031835, 2.173474118823097, 2.1960317359170185, 2.1926151034119843, 2.185311118704359, 2.175537749859735, 2.177201405461446, 2.158822021787129, 2.1502756712355255, 2.1568603625717273, 2.1629184276338607, 2.152114155660632, 2.1542356991320633, 2.169708827873329, 2.158606634740935, 2.1589279169644113, 2.158742243880088, 2.150715475302582, 2.1613630309249414, 2.1446685222778945, 2.1627665626251567, 2.139673869044463, 2.135998475660551, 2.1485904173646886, 2.1726390337817882, 2.151484681414319, 2.1631754089743542, 2.1525774254943384, 2.146939931264458, 2.16192891725042, 2.157086004369129, 2.1518948711759487, 2.1452643182657267, 2.139623023730852, 2.1557955672501254, 2.142748229144685, 2.15055902288647, 2.146675813593734, 2.1505198989595686, 2.1518035473990977, 2.158918365599617, 2.1634984623072753, 2.146689036363819, 2.163130961684667, 2.1546476814481945, 2.1486581611541555, 2.164310788179373, 2.1503517878290666, 2.1545261864825016, 2.1494648076411105, 2.1589881709242396, 2.144292655731979, 2.1531867967768896, 2.158226409401098, 2.1416697773353133, 2.158155139677223, 2.161442066053177, 2.1586722231301163, 2.1609789825162387, 2.153676790305776, 2.1628811758490007, 2.1492235288991557, 2.154759725737652, 2.145702768312503, 2.16664918103202, 2.158486568967903, 2.1583093537224665, 2.157364001464477, 2.1573552193694416, 2.160884051210551, 2.181272137675393, 2.1676211001037005, 2.1698401637120908, 2.1616740120667113, 2.156704609642928]}