{"loss": [3.7306040606285413, 3.182174645690404, 2.827802488928864, 2.685165941170513, 2.5788339279545447, 2.5110815158539403, 2.4337563560581255, 2.398709684567362, 2.323873077922856, 2.2756729271619465, 2.244864348782663, 2.2138444816567335, 2.195639484143131, 2.1824293997839357, 2.1710569108547415, 2.160105889665788, 2.147424431131573, 2.136026874994532, 2.1247048907809787, 2.118434583871281, 2.1279021370233164, 2.118226186996357, 2.107284572962788, 2.094405539968141, 2.0945357681180834, 2.097044733408955, 2.087739641245539, 2.0797998986604296, 2.0722908689862205, 2.0769555895531506, 2.061321210608911, 2.0640913630518103, 2.05517516891907, 2.052498237280504, 2.045163814524953, 2.050791836289502, 2.041485225827491, 2.034418724545382, 2.0339817472121187, 2.0277898143609594, 2.021031264389519, 2.024960047238833, 2.0244507361857464, 2.0192011305206723, 2.00951427688617, 2.011745885050371, 2.0110264891555185, 2.004156859922203, 2.005197930072236, 2.002460526181506, 2.000492602658421, 1.9975953127341295, 1.991703744517203, 1.9865940801795714, 1.9878414450155077, 1.989135722749333, 1.9768107322158006, 1.9788407624599278, 1.9768761650423066, 1.9761625827075542, 1.9724986990120847, 1.97442571155838, 1.9699626467788718, 1.980080206615527, 1.9725489565935084, 1.9703960308035502, 1.9667167965181176, 1.9684658926688117, 1.9665751024872824, 1.9590839347109994, 1.9540051678845147, 1.9544849958828059, 1.9532205157121711, 1.9554541982556262, 1.9571176462301902, 1.9544509292050243, 1.951210697836002, 1.9514495772544784, 1.9485579351211408, 1.9485119862760587, 1.9497656612341194, 1.951561631693067, 1.9510895771840377, 1.9461548804892779, 1.9395954923138932, 1.935627974587716, 1.9422314557506237, 1.9420069514013587, 1.9343697673257239, 1.9372379373850417, 1.9384870362889601, 1.9373875316832718, 1.9311330009963203, 1.9297876292091543, 1.9321812382680168, 1.9312093537721913, 1.9269482509742395, 1.9266780280562306, 1.9300817041342049, 1.923547456905554], "val_loss": [3.496696078244054, 2.9684039994809077, 2.808661524982278, 2.6827789500907615, 2.6255523957788744, 2.546211271575003, 2.46906799006313, 2.4251000170182473, 2.379245254728529, 2.3412624780463163, 2.311883775702803, 2.292616579153034, 2.2865061012238708, 2.2560243208629687, 2.237132852268999, 2.2359160706078334, 2.222347117433644, 2.2179945057662076, 2.2016176522609534, 2.2018188199726305, 2.2044755598281998, 2.1942234548483404, 2.1998110872555836, 2.1940886490387435, 2.181756453481989, 2.1987022180405873, 2.1895184135024164, 2.1732395822580988, 2.1800752506054266, 2.1703907537483262, 2.164053619567335, 2.1682419935747546, 2.167942991561761, 2.1600248003992224, 2.1488082092389744, 2.1664280371347147, 2.1609506849029305, 2.1514149301610583, 2.144193492009125, 2.1404465836019915, 2.1383487134096772, 2.1519523282759807, 2.152186952742778, 2.139029128669603, 2.1393052203085285, 2.1587144338838065, 2.1311152354635374, 2.1495290732028223, 2.1484062308127516, 2.1403301602203495, 2.1387614114402633, 2.1275016666318773, 2.13259516449259, 2.129590142799605, 2.1365611695968054, 2.1448472469916076, 2.137382932498284, 2.14433988170477, 2.124329927278402, 2.1331586018957274, 2.136283713157731, 2.1341283377573546, 2.133046683983025, 2.1415147529650675, 2.132708869799219, 2.144282845879702, 2.1468249281304796, 2.1416226686222615, 2.1245874439425743, 2.128555648197286, 2.138268504651938, 2.132568593607779, 2.1336376622297717, 2.135621437090644, 2.127408178624423, 2.129466726666405, 2.1364209223045876, 2.141682917536194, 2.1394792189673772, 2.1357958606368594, 2.1544812431468476, 2.1453557548298177, 2.143734212045546, 2.144554785778455, 2.1479822804344106, 2.1459248835447604, 2.139138149550008, 2.1403668848811117, 2.1442294504964736, 2.139430836394981, 2.144043571218497, 2.14276992173766, 2.148729279099777, 2.1459167128632193, 2.148555742885815, 2.1417747231960984, 2.1416255018354438, 2.1489807194732253, 2.1515048081740673, 2.1530866691732475]}